MotoristaVeiculo,Cargas,Alertas,Percentual
5425.0,20,11,55.0
184.0,20,7,35.0
5865.0,21,4,19.047619047619047
1517.0,333,55,16.516516516516518
199.0,37,5,13.513513513513514
150.0,216,29,13.425925925925926
2921.0,249,28,11.244979919678714
5014.0,18,2,11.11111111111111
149.0,130,12,9.23076923076923
1713.0,31,2,6.451612903225806
5226.0,26,1,3.8461538461538463
