FazendaNome,mediana,sigma,LCL_3σ
GLORIA,231.93,17.985420599999998,177.9737382
MATA VERDE,212.903,13.478316600000012,172.46805019999996
PROTEÇÃO,287.2585,18.299731800000025,232.35930459999994
