Status_Ajustado,Media_dias_geral
Carbonizando,3.375886524822695
Carregado,1.4074074074074074
Caído,25.5
Descarregado,1.0
Em manutenção,20.333333333333332
Resfriando,4.075949367088608
Vazio,2.7982456140350878
