Status_Ajustado,Media_dias_geral
Carbonizando,2.7611940298507465
Carregado,1.5789473684210527
Caído,10.5
Descarregado,1.0
Em manutenção,8.333333333333334
Resfriando,2.7313432835820897
Vazio,2.9833333333333334
