Status_Ajustado,Media_dias_geral
Carbonizando,3.3333333333333335
Carregado,1.4074074074074074
Caído,22.166666666666668
Descarregado,1.0
Em manutenção,17.666666666666668
Resfriando,3.0972222222222223
Vazio,2.7982456140350878
