FazendaNome,ProdutividadeMedia
GLORIA,113.51031774051192
MATA VERDE,115.77321100917432
PROTEÇÃO,110.32236842105263
