MotoristaVeiculo,Cargas,Alertas,Percentual
184.0,20,18,90.0
5865.0,21,16,76.19047619047619
5425.0,20,14,70.0
1713.0,31,19,61.29032258064516
199.0,37,21,56.75675675675676
5014.0,18,9,50.0
149.0,130,50,38.46153846153846
1517.0,347,122,35.15850144092219
2921.0,258,81,31.3953488372093
1903.0,13,4,30.76923076923077
150.0,216,51,23.61111111111111
5149.0,13,1,7.6923076923076925
5226.0,26,2,7.6923076923076925
