Status_Ajustado,Media_dias_geral
Carbonizando,3.676348547717842
Carregado,1.2105263157894737
Caído,56.333333333333336
Descarregado,1.0
Em manutenção,34.25
Resfriando,5.705179282868526
Vazio,3.839662447257384
