Status_Ajustado,Media_dias_geral
Carbonizando,3.669642857142857
Carregado,1.2318840579710144
Caído,50.5
Descarregado,1.0
Em manutenção,30.75
Resfriando,5.581896551724138
Vazio,3.607476635514019
