Status_Ajustado,Media_dias_geral
Carbonizando,3.7012448132780085
Carregado,1.2435897435897436
Caído,57.166666666666664
Descarregado,1.0
Em manutenção,34.75
Resfriando,5.75
Vazio,3.9240506329113924
