Status_Ajustado,Media_dias_geral
Carbonizando,3.2684563758389262
Carregado,1.393939393939394
Caído,28.833333333333332
Descarregado,1.0
Em manutenção,23.0
Resfriando,4.867088607594937
Vazio,2.664233576642336
