Status_Ajustado,Media_dias_geral
Carbonizando,3.6638297872340426
Carregado,1.2253521126760563
Caído,53.833333333333336
Descarregado,1.0
Em manutenção,32.75
Resfriando,5.658436213991769
Vazio,3.7149122807017543
