Status_Ajustado,Media_dias_geral
Carbonizando,3.251572327044025
Carregado,1.3823529411764706
Caído,26.142857142857142
Descarregado,1.0
Em manutenção,24.333333333333332
Resfriando,5.069620253164557
Vazio,2.662251655629139
