Status_Ajustado,Media_dias_geral
Carbonizando,3.663551401869159
Carregado,1.2372881355932204
Caído,47.166666666666664
Descarregado,1.0
Em manutenção,28.75
Resfriando,5.36322869955157
Vazio,3.6313131313131315
