Status_Ajustado,Media_dias_geral
Carbonizando,3.4047619047619047
Carregado,1.3888888888888888
Caído,33.833333333333336
Descarregado,1.0
Em manutenção,20.5
Resfriando,4.886363636363637
Vazio,2.987577639751553
