Status_Ajustado,Media_dias_geral
Carbonizando,3.311111111111111
Carregado,1.3043478260869565
Caído,35.5
Descarregado,1.0
Em manutenção,21.75
Resfriando,4.972222222222222
Vazio,3.0535714285714284
